{
    "apiVersion": "v1",
    "kind": "Namespace",
    "metadata": {
        "annotations": {
            "kubectl.kubernetes.io/last-applied-configuration": "{\"apiVersion\":\"v1\",\"kind\":\"Namespace\",\"metadata\":{\"annotations\":{},\"labels\":{\"app.kubernetes.io/instance\":\"ingress-nginx\",\"app.kubernetes.io/name\":\"ingress-nginx\"},\"name\":\"ingress-nginx-public\"}}\n"
        },
        "creationTimestamp": "2021-05-28T02:59:47Z",
        "deletionTimestamp": "2021-05-28T03:03:41Z",
        "labels": {
            "app.kubernetes.io/instance": "ingress-nginx",
            "app.kubernetes.io/name": "ingress-nginx",
            "kubernetes.io/metadata.name": "ingress-nginx-public"
        },
        "name": "ingress-nginx-public",
        "resourceVersion": "15922",
        "uid": "cbc52050-a951-4f28-9997-c4574b9a0013"
    },
    "spec": {
        "finalizers": [
            
        ]
    },
    "status": {
        "conditions": [
            {
                "lastTransitionTime": "2021-05-28T03:03:46Z",
                "message": "All resources successfully discovered",
                "reason": "ResourcesDiscovered",
                "status": "False",
                "type": "NamespaceDeletionDiscoveryFailure"
            },
            {
                "lastTransitionTime": "2021-05-28T03:03:46Z",
                "message": "All legacy kube types successfully parsed",
                "reason": "ParsedGroupVersions",
                "status": "False",
                "type": "NamespaceDeletionGroupVersionParsingFailure"
            },
            {
                "lastTransitionTime": "2021-05-28T03:03:46Z",
                "message": "All content successfully deleted, may be waiting on finalization",
                "reason": "ContentDeleted",
                "status": "False",
                "type": "NamespaceDeletionContentFailure"
            },
            {
                "lastTransitionTime": "2021-05-28T03:03:46Z",
                "message": "Some resources are remaining: pods. has 1 resource instances",
                "reason": "SomeResourcesRemain",
                "status": "True",
                "type": "NamespaceContentRemaining"
            },
            {
                "lastTransitionTime": "2021-05-28T03:03:46Z",
                "message": "All content-preserving finalizers finished",
                "reason": "ContentHasNoFinalizers",
                "status": "False",
                "type": "NamespaceFinalizersRemaining"
            }
        ],
        "phase": "Terminating"
    }
}
